{
  "mean": [
    295.943296037296,
    13.536829836829837,
    9.32027972027972,
    2.878088578088578,
    15.70885780885781,
    0.05034965034965035,
    0.04731934731934732,
    0.08205128205128205,
    0.02843822843822844,
    0.16013986013986015,
    0.04382284382284382,
    0.0655011655011655,
    0.05687645687645688,
    0.08974358974358974,
    0.048484848484848485,
    0.051515151515151514,
    0.15268065268065267,
    0.09673659673659674,
    0.02634032634032634
  ],
  "std": [
    369.1050323221649,
    8.38189135998423,
    1.878844041801122,
    2.1354615145831612,
    8.958429810115462,
    0.21866541349586657,
    0.21232104626865964,
    0.27444283405660824,
    0.1662212248827555,
    0.3667357159239419,
    0.20470076253429653,
    0.24740808963967698,
    0.2316064021775681,
    0.2858140616616404,
    0.21478842602023457,
    0.22104601484650768,
    0.35967940026871514,
    0.29559876114154776,
    0.16014528887423274
  ],
  "feature_columns": [
    "amt",
    "hour",
    "month",
    "dayofweek",
    "day",
    "entertainment",
    "food_dining",
    "gas_transport",
    "grocery_net",
    "grocery_pos",
    "health_fitness",
    "home",
    "kids_pets",
    "misc_net",
    "misc_pos",
    "personal_care",
    "shopping_net",
    "shopping_pos",
    "travel"
  ]
}