{
  "feature_columns": [
    "step",
    "type_encoded",
    "amount",
    "oldbalanceOrg",
    "newbalanceOrig",
    "oldbalanceDest",
    "newbalanceDest",
    "orig_balance_diff",
    "dest_balance_diff",
    "orig_zero_balance",
    "dest_zero_balance",
    "amount_to_balance_ratio"
  ],
  "type_encoder_classes": [
    "CASH_IN",
    "CASH_OUT",
    "DEBIT",
    "PAYMENT",
    "TRANSFER"
  ],
  "scaler_mean": [
    8.5044,
    1.850925,
    173462.04057425002,
    883929.1826494999,
    900252.993175,
    880848.0684213749,
    1185030.999661625,
    -16323.8105255,
    304182.93124024995,
    0.3130625,
    0.4550125,
    59652.81354221114
  ],
  "scaler_scale": [
    1.8184761862614536,
    1.3541331708421442,
    342302.71838235843,
    2684361.7922227685,
    2722468.1279813596,
    2391215.3997523813,
    2789934.393542122,
    133346.07454355093,
    988821.8813982005,
    0.4637395509267568,
    0.4979720121088634,
    216521.1416950494
  ],
  "auc_score": 0.979889916882676,
  "model_version": "2.0.0"
}